{"cameraMode":{"drawMode":0,"name":"Shaded","section":"Shading Mode"},"sceneLighting":true,"audioPlay":false,"sceneViewState":{"m_AlwaysRefresh":false,"showFog":true,"showSkybox":true,"showFlares":true,"showImageEffects":true,"showParticleSystems":true,"showVisualEffectGraphs":true,"m_FxEnabled":true},"in2DMode":false,"pivot":{"x":2.2088513374328615,"y":2.740703582763672,"z":0.6512107849121094},"rotation":{"x":0.12393973022699356,"y":0.4767812490463257,"z":-0.06811349838972092,"w":0.8675785660743713},"size":6.2697529792785648,"orthographic":true}