{"cameraMode":{"drawMode":1,"name":"Wireframe","section":"Shading Mode"},"sceneLighting":true,"audioPlay":false,"sceneViewState":{"m_AlwaysRefresh":false,"showFog":true,"showSkybox":true,"showFlares":true,"showImageEffects":true,"showParticleSystems":true,"showVisualEffectGraphs":true,"m_FxEnabled":true},"in2DMode":false,"pivot":{"x":15.18161392211914,"y":0.18430280685424806,"z":1.6785600185394288},"rotation":{"x":-0.00005781995059805922,"y":0.9801692962646484,"z":0.19817978143692017,"w":0.00029028477729298174},"size":9.89193058013916,"orthographic":true}