{"cameraMode":{"drawMode":0,"name":"Shaded","section":"Shading Mode"},"sceneLighting":true,"audioPlay":false,"sceneViewState":{"m_AlwaysRefresh":false,"showFog":true,"showSkybox":true,"showFlares":true,"showImageEffects":true,"showParticleSystems":true,"showVisualEffectGraphs":true,"m_FxEnabled":true},"in2DMode":false,"pivot":{"x":1.3437755107879639,"y":-18.01926612854004,"z":15.073534965515137},"rotation":{"x":0.5071013569831848,"y":-0.014219796285033226,"z":0.008367928676307202,"w":0.8617291450500488},"size":18.726625442504884,"orthographic":false}