{"cameraMode":{"drawMode":2,"name":"Shaded Wireframe","section":"Shading Mode"},"sceneLighting":true,"audioPlay":false,"sceneViewState":{"m_AlwaysRefresh":false,"showFog":true,"showSkybox":true,"showFlares":true,"showImageEffects":true,"showParticleSystems":true,"showVisualEffectGraphs":true,"m_FxEnabled":true},"in2DMode":false,"pivot":{"x":0.9640106558799744,"y":-8.341802597045899,"z":1.6330056190490723},"rotation":{"x":0.5924303531646729,"y":0.048261210322380069,"z":-0.035588521510362628,"w":0.8033875226974487},"size":13.631916046142579,"orthographic":false}