{"cameraMode":{"drawMode":1,"name":"Wireframe","section":"Shading Mode"},"sceneLighting":true,"audioPlay":false,"sceneViewState":{"m_AlwaysRefresh":false,"showFog":true,"showSkybox":true,"showFlares":true,"showImageEffects":true,"showParticleSystems":true,"showVisualEffectGraphs":true,"m_FxEnabled":true},"in2DMode":false,"pivot":{"x":38.556968688964847,"y":11.09176254272461,"z":-24.764209747314454},"rotation":{"x":-0.18026763200759889,"y":-0.1346905380487442,"z":0.024923289194703103,"w":-0.9740418195724487},"size":39.497589111328128,"orthographic":true}