{"cameraMode":{"drawMode":1,"name":"Wireframe","section":"Shading Mode"},"sceneLighting":true,"audioPlay":false,"sceneViewState":{"m_AlwaysRefresh":false,"showFog":true,"showSkybox":true,"showFlares":true,"showImageEffects":true,"showParticleSystems":true,"showVisualEffectGraphs":true,"m_FxEnabled":true},"in2DMode":false,"pivot":{"x":15.242055892944336,"y":14.277751922607422,"z":-34.771141052246097},"rotation":{"x":0.14232519268989564,"y":0.23369748890399934,"z":-0.03460315987467766,"w":0.9612137079238892},"size":8.76948356628418,"orthographic":true}