{"cameraMode":{"drawMode":1,"name":"Wireframe","section":"Shading Mode"},"sceneLighting":true,"audioPlay":false,"sceneViewState":{"m_AlwaysRefresh":false,"showFog":true,"showSkybox":true,"showFlares":true,"showImageEffects":true,"showParticleSystems":true,"showVisualEffectGraphs":true,"m_FxEnabled":true},"in2DMode":false,"pivot":{"x":-1.8462104797363282,"y":1.6639447212219239,"z":-24.454261779785158},"rotation":{"x":-0.19225279986858369,"y":-0.6680846810340881,"z":0.18489466607570649,"w":-0.6946460008621216},"size":37.891021728515628,"orthographic":true}